{"cameraMode":{"drawMode":0,"name":"Shaded","section":"Shading Mode"},"sceneLighting":false,"audioPlay":false,"sceneViewState":{"showFog":true,"showMaterialUpdate":false,"showSkybox":false,"showFlares":true,"showImageEffects":true,"showParticleSystems":true},"in2DMode":false,"pivot":{"x":5.784641265869141,"y":0.8287509679794312,"z":1.344984769821167},"rotation":{"x":-0.3402000069618225,"y":0.11971238255500794,"z":-0.04373651742935181,"w":-0.9317013025283814},"size":3.4330122470855715,"orthographic":false}